filename,access_url
3_column_vectors_matrix_multiplication_with_column_vector.png,http://lhsfcboy.github.io/figures/3_column_vectors_matrix_multiplication_with_column_vector.png
GitHub.png,http://lhsfcboy.github.io/figures/GitHub.png
icons8-Twitter-528.png,http://lhsfcboy.github.io/figures/icons8-Twitter-528.png
if_circle-google-plus_317751.png,http://lhsfcboy.github.io/figures/if_circle-google-plus_317751.png
if_circle-linkedin_317750.png,http://lhsfcboy.github.io/figures/if_circle-linkedin_317750.png
if_circle-twitter_317749.png,http://lhsfcboy.github.io/figures/if_circle-twitter_317749.png
if_facebook_1107236.png,http://lhsfcboy.github.io/figures/if_facebook_1107236.png
if_windows_317717.png,http://lhsfcboy.github.io/figures/if_windows_317717.png
LinkedIn.png,http://lhsfcboy.github.io/figures/LinkedIn.png
row_vector_multiplication_with_3_row_vector_matrix.png,http://lhsfcboy.github.io/figures/row_vector_multiplication_with_3_row_vector_matrix.png
simulte_unknown_distribution.png,http://lhsfcboy.github.io/figures/simulte_unknown_distribution.png
Twitter.png,http://lhsfcboy.github.io/figures/Twitter.png
